{"/":{"":{"Adapter_name":"proepview","Adapter_platform":"x86e_win64","Adapter_version":"parametric4_B000 Creo 4.0 - F000 (14.0.0.28)","Source_file_name":"1_meter_ball.prt.1"},"PROE Parameters":{"BEARBEITER":"I-Center","BENENNUNG":" - - -","ERSATZ_FUER":"- - -","GEWICHT":"0.000000","GROESSE":"- - -","HALBZEUGART":"- - -","MASSE":"0.000000","MATERIALNUMMER":"- - -","PTC_COMMON_NAME":"1_meter_ball.prt","PTC_MATERIAL_NAME":"STAHL","ROHMATERIAL":"- - -","SACHNUMMER":" - - -","WERKSTOFF":"- - -","WERKSTOFF_PTC":"STAHL"},"__PV_SystemProperties":{"Child Count":"0","Component Name":"1_METER_BALL.PRT","Display Name":"1_METER_BALL.PRT","Model Extents (mm)":"1000","OL File Name":"1_meter_ball.ol","Part Depth":"1","Part ID Path":"/","Part Name":"1_METER_BALL.PRT","Part Path":"1_METER_BALL.PRT"}}}
