{
  "attributes": {
    "twx-widget": "",
    "widget-id": "view-1",
    "widget-name": "view-1",
    "is-widget-container": "true",
    "viewtype": "ar"
  },
  "children": [
    {
      "name": "twx-container-content",
      "children": [
        {
          "attributes": {
            "twx-widget": "",
            "widget-id": "3DContainer-1",
            "widget-name": "3D Container",
            "is-widget-container": "true",
            "enabletrackingevents": "true",
            "dropshadow": "true"
          },
          "name": "twx-dt-view",
          "children": [
            {
              "name": "twx-container-content",
              "children": [
                {
                  "attributes": {
                    "twx-widget": "",
                    "widget-id": "myModel",
                    "widget-name": "myModel",
                    "is-widget-container": "true",
                    "src": "Uploaded/Ender3pro.pvz",
                    "scale": "1.0000",
                    "x": "-0.22179996967315674",
                    "y": "0.8932604789733887",
                    "z": "-0.3829999715089798",
                    "rx": "0.00",
                    "ry": "0.00",
                    "rz": "0.00",
                    "opacity": "0.5"
                  },
                  "name": "twx-dt-model",
                  "children": [
                    {
                      "name": "twx-container-content"
                    }
                  ]
                },
                {
                  "attributes": {
                    "twx-widget": "",
                    "widget-id": "tmlText-1",
                    "widget-name": "tmlText-1",
                    "text": "<script name=\"green\" type=\"x-shader/x-fragment\">\n      precision mediump float; \n      void main() {\n          gl_FragColor = vec4(0.,1.,0.,1.);\n        }\n</script>        \n<script name=\"green\" type=\"x-shader/x-vertex\">\n      attribute vec4 vertexPosition;\n      uniform mat4 modelViewProjectionMatrix;\n      void main() {\n        gl_Position = modelViewProjectionMatrix * vertexPosition;\n      }\n</script>\n<script name=\"xray\" type=\"x-shader/x-fragment\">\n  precision mediump float;\n \n  varying vec3 I;\n  varying vec3 N;\n\n  uniform float falloff;\n  uniform float ambient;\n  uniform float intensity;\n  uniform float r;\n  uniform float g;\n  uniform float b;\n \n  void main() {\n    float faf = 1. + falloff;\n    float ity = 1. + intensity;\n    float dp = dot(normalize(-N), normalize(-I));\n    if (dp < 0.) discard; else {\n    float opacity  = abs(dp);\n    opacity = ambient + ity*(1.0-pow(opacity,faf));\n    gl_FragColor   = opacity * vec4(r,g,b,1.);\n}\n  }\n</script>\n \n<script name=\"xray\" type=\"x-shader/x-vertex\">\n  attribute vec3 vertexPosition;\n  attribute vec3 vertexNormal;\n\n  uniform mat4 modelViewProjectionMatrix;\n  uniform mat4 modelViewMatrix;\n  uniform mat4 normalMatrix;\n \n  varying vec3 I;\n  varying vec3 N;\n \n  void main() {\n    vec4 vp = vec4(vertexPosition, 1.0);\n    gl_Position = modelViewProjectionMatrix * vp;\n    vec4 P      = modelViewMatrix * vp;\n    I           = P.xyz - vec3(0);\n    N           = vec3(normalMatrix * vec4(vertexNormal,0.0));\n  }\n</script>"
                  },
                  "name": "twx-tml-text"
                },
                {
                  "attributes": {
                    "twx-widget": "",
                    "widget-id": "spatialTarget-1",
                    "widget-name": "spatialTarget-1",
                    "x": "-0.0784",
                    "z": "0.0113",
                    "rx": "-90",
                    "enablescalegesture": "true"
                  },
                  "name": "twx-dt-target-spatial"
                },
                {
                  "attributes": {
                    "twx-widget": "",
                    "widget-id": "treeCoe-2",
                    "widget-name": "treeCoe-2",
                    "metadata_no_olfile-expression": "postQuickMessage(\"No visible geometry\");",
                    "autolaunch": "true",
                    "modelname": "myModel",
                    "width": "30vw",
                    "height": "80vh",
                    "leftoffset": "2px"
                  },
                  "name": "txw-treecoe",
                  "children": [
                    {
                      "attributes": {
                        "databind-id": "db-1676659853868",
                        "source-type": "ui",
                        "source-label": "MetaGetta",
                        "source-name": "metaGetta-2",
                        "source-item-type": "property",
                        "source-item-name": "results",
                        "binding-type": "widget_property",
                        "from-expression": "app.view['Home'].wdg['metaGetta-2']['results']",
                        "to-property": "selectedvalue"
                      },
                      "name": "twx-databind"
                    },
                    {
                      "attributes": {
                        "databind-id": "db-1676834612963",
                        "source-type": "ui",
                        "source-label": "Tree COE",
                        "source-name": "treeCoe-2",
                        "source-item-type": "property",
                        "source-item-name": "treefrommodelmetadata",
                        "binding-type": "widget_property",
                        "from-expression": "app.view['Home'].wdg['treeCoe-2']['treefrommodelmetadata']",
                        "to-property": "incomingdata"
                      },
                      "name": "twx-databind"
                    }
                  ]
                },
                {
                  "attributes": {
                    "twx-widget": "",
                    "widget-id": "metaGetta-2",
                    "widget-name": "metaGetta-2",
                    "model": "myModel"
                  },
                  "name": "twx-metagetta"
                },
                {
                  "attributes": {
                    "twx-widget": "",
                    "widget-id": "mapper-2",
                    "widget-name": "mapper-2",
                    "color": "0,1,0",
                    "physical": "false",
                    "model": "myModel"
                  },
                  "name": "twx-mapper",
                  "children": [
                    {
                      "attributes": {
                        "databind-id": "db-1676731184664",
                        "source-type": "ui",
                        "source-label": "Tree COE",
                        "source-name": "treeCoe-2",
                        "source-item-type": "property",
                        "source-item-name": "selectedvalue",
                        "binding-type": "widget_property",
                        "from-expression": "app.view['Home'].wdg['treeCoe-2']['selectedvalue']",
                        "to-property": "data"
                      },
                      "name": "twx-databind"
                    }
                  ]
                },
                {
                  "attributes": {
                    "twx-widget": "",
                    "widget-id": "3DLabel-1",
                    "state-format-value": "text",
                    "widget-name": "3DLabel-1",
                    "is-widget-container": "true",
                    "text": "Label",
                    "x": "-0.9876",
                    "y": "0.0000",
                    "z": "-0.1852",
                    "rx": "-90.00",
                    "ry": "-0.00",
                    "rz": "-0.00"
                  },
                  "name": "twx-dt-label",
                  "children": [
                    {
                      "name": "twx-container-content",
                      "children": [
                        {
                          "attributes": {
                            "twx-widget": "",
                            "widget-id": "3DLeaderLine-1",
                            "origin-widget-id": "3DLabel-1",
                            "global-x": "NaN",
                            "global-y": "NaN",
                            "global-z": "NaN",
                            "knee-joint-length": "0.09875000268220901",
                            "widget-name": "3DLeaderLine-1",
                            "occurrence": "",
                            "x": "NaN",
                            "y": "NaN",
                            "z": "NaN",
                            "rx": "-90.00",
                            "ry": "0.00",
                            "rz": "0.00"
                          },
                          "name": "twx-dt-3dleaderline"
                        }
                      ]
                    }
                  ]
                }
              ]
            }
          ]
        },
        {
          "attributes": {
            "twx-widget": "",
            "widget-id": "2DOverlay-1",
            "widget-name": "2D Overlay",
            "is-widget-container": "true"
          },
          "name": "twx-overlay",
          "children": [
            {
              "name": "twx-container-content",
              "children": [
                {
                  "attributes": {
                    "twx-widget": "",
                    "widget-id": "panel-1",
                    "widget-name": "Top Panel",
                    "is-widget-container": "true",
                    "position": "top"
                  },
                  "name": "twx-overlay-container",
                  "children": [
                    {
                      "name": "twx-container-content",
                      "children": [
                        {
                          "attributes": {
                            "twx-widget": "",
                            "widget-id": "gridLayout-3",
                            "widget-name": "gridLayout-3",
                            "is-widget-container": "true"
                          },
                          "name": "twx-gridlayout",
                          "children": [
                            {
                              "name": "twx-container-content",
                              "children": [
                                {
                                  "attributes": {
                                    "twx-widget": "",
                                    "widget-id": "row-3",
                                    "widget-name": "row-3",
                                    "is-widget-container": "true"
                                  },
                                  "name": "twx-row",
                                  "children": [
                                    {
                                      "name": "twx-container-content",
                                      "children": [
                                        {
                                          "attributes": {
                                            "twx-widget": "",
                                            "widget-id": "column-3",
                                            "widget-name": "column-3",
                                            "is-widget-container": "true"
                                          },
                                          "name": "twx-col",
                                          "children": [
                                            {
                                              "name": "twx-container-content",
                                              "children": [
                                                {
                                                  "attributes": {
                                                    "twx-widget": "",
                                                    "widget-id": "button-2",
                                                    "widget-name": "button-2",
                                                    "click-expression": "createTreeFromMetadata2();",
                                                    "text": "Launch Tree using code to build Metadata"
                                                  },
                                                  "name": "twx-button"
                                                }
                                              ]
                                            }
                                          ]
                                        },
                                        {
                                          "attributes": {
                                            "twx-widget": "",
                                            "widget-id": "column-4",
                                            "widget-name": "column-4",
                                            "is-widget-container": "true"
                                          },
                                          "name": "twx-col",
                                          "children": [
                                            {
                                              "name": "twx-container-content"
                                            }
                                          ]
                                        },
                                        {
                                          "attributes": {
                                            "twx-widget": "",
                                            "widget-id": "column-5",
                                            "widget-name": "column-5",
                                            "is-widget-container": "true",
                                            "flexdirection": "row",
                                            "justification": "flex-end",
                                            "alignment": "flex-end"
                                          },
                                          "name": "twx-col",
                                          "children": [
                                            {
                                              "name": "twx-container-content",
                                              "children": [
                                                {
                                                  "attributes": {
                                                    "twx-widget": "",
                                                    "widget-id": "button-1",
                                                    "widget-name": "button-1",
                                                    "text": "Show Tree from Metadata"
                                                  },
                                                  "name": "twx-button",
                                                  "children": [
                                                    {
                                                      "attributes": {
                                                        "eventbind-id": "eb-1676823646081",
                                                        "source-type": "widget",
                                                        "source-label": "Button",
                                                        "source-name": "button-1",
                                                        "source-event": "click",
                                                        "handler-type": "ui",
                                                        "handler-name": "treeCoe-2",
                                                        "handler-service": "dataviamodeldata",
                                                        "handler-path": "app.view[\"Home\"].wdg[\"treeCoe-2\"].svc.dataviamodeldata"
                                                      },
                                                      "name": "twx-eventbind"
                                                    }
                                                  ]
                                                },
                                                {
                                                  "attributes": {
                                                    "twx-widget": "",
                                                    "widget-id": "button-4",
                                                    "widget-name": "button-4",
                                                    "text": "Info"
                                                  },
                                                  "name": "twx-button",
                                                  "children": [
                                                    {
                                                      "attributes": {
                                                        "eventbind-id": "eb-1676994770318",
                                                        "source-type": "widget",
                                                        "source-label": "Button",
                                                        "source-name": "button-4",
                                                        "source-event": "click",
                                                        "handler-type": "ui",
                                                        "handler-name": "popup-1",
                                                        "handler-service": "showpopup",
                                                        "handler-path": "app.view[\"Home\"].wdg[\"popup-1\"].svc.showpopup"
                                                      },
                                                      "name": "twx-eventbind"
                                                    }
                                                  ]
                                                }
                                              ]
                                            }
                                          ]
                                        }
                                      ]
                                    }
                                  ]
                                },
                                {
                                  "attributes": {
                                    "twx-widget": "",
                                    "widget-id": "row-13",
                                    "widget-name": "row-13",
                                    "is-widget-container": "true"
                                  },
                                  "name": "twx-row",
                                  "children": [
                                    {
                                      "name": "twx-container-content"
                                    }
                                  ]
                                },
                                {
                                  "attributes": {
                                    "twx-widget": "",
                                    "widget-id": "row-14",
                                    "widget-name": "row-14",
                                    "is-widget-container": "true"
                                  },
                                  "name": "twx-row",
                                  "children": [
                                    {
                                      "name": "twx-container-content"
                                    }
                                  ]
                                },
                                {
                                  "attributes": {
                                    "twx-widget": "",
                                    "widget-id": "row-15",
                                    "widget-name": "row-15",
                                    "is-widget-container": "true"
                                  },
                                  "name": "twx-row",
                                  "children": [
                                    {
                                      "name": "twx-container-content"
                                    }
                                  ]
                                }
                              ]
                            }
                          ]
                        }
                      ]
                    }
                  ]
                },
                {
                  "attributes": {
                    "twx-widget": "",
                    "widget-id": "2DOverlayBody-1",
                    "widget-name": "2D Body",
                    "is-widget-container": "true"
                  },
                  "name": "twx-overlay-body",
                  "children": [
                    {
                      "name": "twx-container-content",
                      "children": [
                        {
                          "attributes": {
                            "twx-widget": "",
                            "widget-id": "panel-2",
                            "widget-name": "Left Panel",
                            "is-widget-container": "true",
                            "position": "left"
                          },
                          "name": "twx-overlay-container",
                          "children": [
                            {
                              "name": "twx-container-content"
                            }
                          ]
                        },
                        {
                          "attributes": {
                            "twx-widget": "",
                            "widget-id": "panel-3",
                            "widget-name": "Center Panel",
                            "is-widget-container": "true",
                            "position": "center"
                          },
                          "name": "twx-overlay-container",
                          "children": [
                            {
                              "name": "twx-container-content",
                              "children": [
                                {
                                  "attributes": {
                                    "twx-widget": "",
                                    "widget-id": "popup-1",
                                    "widget-name": "popup-1",
                                    "is-widget-container": "true",
                                    "width": "50%",
                                    "height": "25%",
                                    "centered": "false",
                                    "bottom": "50px",
                                    "right": "2px"
                                  },
                                  "name": "twx-popup",
                                  "children": [
                                    {
                                      "name": "twx-container-content",
                                      "children": [
                                        {
                                          "attributes": {
                                            "twx-widget": "",
                                            "widget-id": "gridLayout-2",
                                            "widget-name": "gridLayout-2",
                                            "is-widget-container": "true"
                                          },
                                          "name": "twx-gridlayout",
                                          "children": [
                                            {
                                              "name": "twx-container-content",
                                              "children": [
                                                {
                                                  "attributes": {
                                                    "twx-widget": "",
                                                    "widget-id": "row-2",
                                                    "widget-name": "row-2",
                                                    "is-widget-container": "true"
                                                  },
                                                  "name": "twx-row",
                                                  "children": [
                                                    {
                                                      "name": "twx-container-content",
                                                      "children": [
                                                        {
                                                          "attributes": {
                                                            "twx-widget": "",
                                                            "widget-id": "column-1",
                                                            "widget-name": "column-1",
                                                            "is-widget-container": "true"
                                                          },
                                                          "name": "twx-col",
                                                          "children": [
                                                            {
                                                              "name": "twx-container-content",
                                                              "children": [
                                                                {
                                                                  "attributes": {
                                                                    "twx-widget": "",
                                                                    "widget-id": "label-1",
                                                                    "state-format-value": "text",
                                                                    "widget-name": "label-1",
                                                                    "text": "Selected Item"
                                                                  },
                                                                  "name": "twx-label"
                                                                }
                                                              ]
                                                            }
                                                          ]
                                                        },
                                                        {
                                                          "attributes": {
                                                            "twx-widget": "",
                                                            "widget-id": "column-2",
                                                            "widget-name": "column-2",
                                                            "is-widget-container": "true"
                                                          },
                                                          "name": "twx-col",
                                                          "children": [
                                                            {
                                                              "name": "twx-container-content",
                                                              "children": [
                                                                {
                                                                  "attributes": {
                                                                    "twx-widget": "",
                                                                    "widget-id": "textArea-21",
                                                                    "widget-name": "textArea-21"
                                                                  },
                                                                  "name": "twx-textarea",
                                                                  "children": [
                                                                    {
                                                                      "attributes": {
                                                                        "databind-id": "db-1676732066145",
                                                                        "source-type": "ui",
                                                                        "source-label": "Tree COE",
                                                                        "source-name": "treeCoe-2",
                                                                        "source-item-type": "property",
                                                                        "source-item-name": "selectedvalue",
                                                                        "binding-type": "widget_property",
                                                                        "from-expression": "app.view[\"Home\"].wdg['treeCoe-2']['selectedvalue']",
                                                                        "to-property": "text"
                                                                      },
                                                                      "name": "twx-databind",
                                                                      "children": [
                                                                        {
                                                                          "attributes": {
                                                                            "filter-id": "df-1676760388126",
                                                                            "filter-name": "Parse JSON",
                                                                            "filter-body": "return JSON.stringify(value)"
                                                                          },
                                                                          "name": "twx-data-filter"
                                                                        }
                                                                      ]
                                                                    }
                                                                  ]
                                                                }
                                                              ]
                                                            }
                                                          ]
                                                        }
                                                      ]
                                                    }
                                                  ]
                                                },
                                                {
                                                  "attributes": {
                                                    "twx-widget": "",
                                                    "widget-id": "row-9",
                                                    "widget-name": "row-9",
                                                    "is-widget-container": "true"
                                                  },
                                                  "name": "twx-row",
                                                  "children": [
                                                    {
                                                      "name": "twx-container-content",
                                                      "children": [
                                                        {
                                                          "attributes": {
                                                            "twx-widget": "",
                                                            "widget-id": "column-6",
                                                            "widget-name": "column-6",
                                                            "is-widget-container": "true"
                                                          },
                                                          "name": "twx-col",
                                                          "children": [
                                                            {
                                                              "name": "twx-container-content",
                                                              "children": [
                                                                {
                                                                  "attributes": {
                                                                    "twx-widget": "",
                                                                    "widget-id": "label-5",
                                                                    "state-format-value": "text",
                                                                    "widget-name": "label-5",
                                                                    "text": "2. MetaGetter"
                                                                  },
                                                                  "name": "twx-label"
                                                                }
                                                              ]
                                                            }
                                                          ]
                                                        }
                                                      ]
                                                    }
                                                  ]
                                                },
                                                {
                                                  "attributes": {
                                                    "twx-widget": "",
                                                    "widget-id": "row-10",
                                                    "widget-name": "row-10",
                                                    "is-widget-container": "true"
                                                  },
                                                  "name": "twx-row",
                                                  "children": [
                                                    {
                                                      "name": "twx-container-content",
                                                      "children": [
                                                        {
                                                          "attributes": {
                                                            "twx-widget": "",
                                                            "widget-id": "column-7",
                                                            "widget-name": "column-7",
                                                            "is-widget-container": "true"
                                                          },
                                                          "name": "twx-col",
                                                          "children": [
                                                            {
                                                              "name": "twx-container-content",
                                                              "children": [
                                                                {
                                                                  "attributes": {
                                                                    "twx-widget": "",
                                                                    "widget-id": "textArea-22",
                                                                    "widget-name": "textArea-22",
                                                                    "rows": "5"
                                                                  },
                                                                  "name": "twx-textarea",
                                                                  "children": [
                                                                    {
                                                                      "attributes": {
                                                                        "databind-id": "db-1676731374359",
                                                                        "source-type": "ui",
                                                                        "source-label": "MetaGetta",
                                                                        "source-name": "metaGetta-2",
                                                                        "source-item-type": "property",
                                                                        "source-item-name": "results",
                                                                        "binding-type": "widget_property",
                                                                        "from-expression": "app.view[\"Home\"].wdg['metaGetta-2']['results']",
                                                                        "to-property": "text"
                                                                      },
                                                                      "name": "twx-databind",
                                                                      "children": [
                                                                        {
                                                                          "attributes": {
                                                                            "filter-id": "df-1676760404404",
                                                                            "filter-name": "Parse JSON",
                                                                            "filter-body": "return JSON.stringify(value)"
                                                                          },
                                                                          "name": "twx-data-filter"
                                                                        }
                                                                      ]
                                                                    }
                                                                  ]
                                                                }
                                                              ]
                                                            }
                                                          ]
                                                        }
                                                      ]
                                                    }
                                                  ]
                                                },
                                                {
                                                  "attributes": {
                                                    "twx-widget": "",
                                                    "widget-id": "row-11",
                                                    "widget-name": "row-11",
                                                    "is-widget-container": "true"
                                                  },
                                                  "name": "twx-row",
                                                  "children": [
                                                    {
                                                      "name": "twx-container-content",
                                                      "children": [
                                                        {
                                                          "attributes": {
                                                            "twx-widget": "",
                                                            "widget-id": "column-8",
                                                            "widget-name": "column-8",
                                                            "is-widget-container": "true"
                                                          },
                                                          "name": "twx-col",
                                                          "children": [
                                                            {
                                                              "name": "twx-container-content"
                                                            }
                                                          ]
                                                        }
                                                      ]
                                                    }
                                                  ]
                                                },
                                                {
                                                  "attributes": {
                                                    "twx-widget": "",
                                                    "widget-id": "row-12",
                                                    "widget-name": "row-12",
                                                    "is-widget-container": "true"
                                                  },
                                                  "name": "twx-row",
                                                  "children": [
                                                    {
                                                      "name": "twx-container-content",
                                                      "children": [
                                                        {
                                                          "attributes": {
                                                            "twx-widget": "",
                                                            "widget-id": "column-9",
                                                            "widget-name": "column-9",
                                                            "is-widget-container": "true"
                                                          },
                                                          "name": "twx-col",
                                                          "children": [
                                                            {
                                                              "name": "twx-container-content"
                                                            }
                                                          ]
                                                        }
                                                      ]
                                                    }
                                                  ]
                                                },
                                                {
                                                  "attributes": {
                                                    "twx-widget": "",
                                                    "widget-id": "row-16",
                                                    "widget-name": "row-16",
                                                    "is-widget-container": "true"
                                                  },
                                                  "name": "twx-row",
                                                  "children": [
                                                    {
                                                      "name": "twx-container-content",
                                                      "children": [
                                                        {
                                                          "attributes": {
                                                            "twx-widget": "",
                                                            "widget-id": "column-13",
                                                            "widget-name": "column-13",
                                                            "is-widget-container": "true",
                                                            "alignment": "flex-end"
                                                          },
                                                          "name": "twx-col",
                                                          "children": [
                                                            {
                                                              "name": "twx-container-content",
                                                              "children": [
                                                                {
                                                                  "attributes": {
                                                                    "twx-widget": "",
                                                                    "widget-id": "button-3",
                                                                    "widget-name": "button-3",
                                                                    "text": "Close"
                                                                  },
                                                                  "name": "twx-button",
                                                                  "children": [
                                                                    {
                                                                      "attributes": {
                                                                        "eventbind-id": "eb-1676994962534",
                                                                        "source-type": "widget",
                                                                        "source-label": "Button",
                                                                        "source-name": "button-3",
                                                                        "source-event": "click",
                                                                        "handler-type": "ui",
                                                                        "handler-name": "popup-1",
                                                                        "handler-service": "hidepopup",
                                                                        "handler-path": "app.view[\"Home\"].wdg[\"popup-1\"].svc.hidepopup"
                                                                      },
                                                                      "name": "twx-eventbind"
                                                                    }
                                                                  ]
                                                                }
                                                              ]
                                                            }
                                                          ]
                                                        }
                                                      ]
                                                    }
                                                  ]
                                                }
                                              ]
                                            }
                                          ]
                                        }
                                      ]
                                    }
                                  ]
                                }
                              ]
                            }
                          ]
                        },
                        {
                          "attributes": {
                            "twx-widget": "",
                            "widget-id": "panel-4",
                            "widget-name": "Right Panel",
                            "is-widget-container": "true",
                            "position": "right"
                          },
                          "name": "twx-overlay-container",
                          "children": [
                            {
                              "name": "twx-container-content",
                              "children": [
                                {
                                  "attributes": {
                                    "twx-widget": "",
                                    "widget-id": "gridLayout-1",
                                    "widget-name": "gridLayout-1",
                                    "is-widget-container": "true"
                                  },
                                  "name": "twx-gridlayout",
                                  "children": [
                                    {
                                      "name": "twx-container-content",
                                      "children": [
                                        {
                                          "attributes": {
                                            "twx-widget": "",
                                            "widget-id": "row-1",
                                            "widget-name": "row-1",
                                            "is-widget-container": "true"
                                          },
                                          "name": "twx-row",
                                          "children": [
                                            {
                                              "name": "twx-container-content"
                                            }
                                          ]
                                        }
                                      ]
                                    }
                                  ]
                                },
                                {
                                  "attributes": {
                                    "twx-widget": "",
                                    "widget-id": "gridLayout-4",
                                    "widget-name": "gridLayout-4",
                                    "is-widget-container": "true"
                                  },
                                  "name": "twx-gridlayout",
                                  "children": [
                                    {
                                      "name": "twx-container-content",
                                      "children": [
                                        {
                                          "attributes": {
                                            "twx-widget": "",
                                            "widget-id": "row-4",
                                            "widget-name": "row-4",
                                            "is-widget-container": "true"
                                          },
                                          "name": "twx-row",
                                          "children": [
                                            {
                                              "name": "twx-container-content"
                                            }
                                          ]
                                        },
                                        {
                                          "attributes": {
                                            "twx-widget": "",
                                            "widget-id": "row-5",
                                            "widget-name": "row-5",
                                            "is-widget-container": "true"
                                          },
                                          "name": "twx-row",
                                          "children": [
                                            {
                                              "name": "twx-container-content"
                                            }
                                          ]
                                        },
                                        {
                                          "attributes": {
                                            "twx-widget": "",
                                            "widget-id": "row-6",
                                            "widget-name": "row-6",
                                            "is-widget-container": "true"
                                          },
                                          "name": "twx-row",
                                          "children": [
                                            {
                                              "name": "twx-container-content"
                                            }
                                          ]
                                        },
                                        {
                                          "attributes": {
                                            "twx-widget": "",
                                            "widget-id": "row-7",
                                            "widget-name": "row-7",
                                            "is-widget-container": "true"
                                          },
                                          "name": "twx-row",
                                          "children": [
                                            {
                                              "name": "twx-container-content"
                                            }
                                          ]
                                        },
                                        {
                                          "attributes": {
                                            "twx-widget": "",
                                            "widget-id": "row-8",
                                            "widget-name": "row-8",
                                            "is-widget-container": "true"
                                          },
                                          "name": "twx-row",
                                          "children": [
                                            {
                                              "name": "twx-container-content"
                                            }
                                          ]
                                        }
                                      ]
                                    }
                                  ]
                                }
                              ]
                            }
                          ]
                        }
                      ]
                    }
                  ]
                },
                {
                  "attributes": {
                    "twx-widget": "",
                    "widget-id": "panel-5",
                    "widget-name": "Bottom Panel",
                    "is-widget-container": "true",
                    "position": "bottom"
                  },
                  "name": "twx-overlay-container",
                  "children": [
                    {
                      "name": "twx-container-content"
                    }
                  ]
                }
              ]
            }
          ]
        }
      ]
    },
    {
      "name": "twx-fragment-parameters"
    },
    {
      "name": "twx-view-data"
    }
  ],
  "name": "twx-view"
}
