{
  "name": "COE_TreeDummyDataMetadata-Release7",
  "version": "1.0.0",
  "requires": [
    "w320dp",
    "spatial-tracking"
  ],
  "experiences": [
    {
      "vumark": "",
      "experienceType": "none",
      "id": 1,
      "index-keys": [],
      "title": {
        "en": "COETree Release7"
      },
      "description": {
        "en": "",
        "en-US": ""
      },
      "requires": [
        "AR-tracking"
      ],
      "tags": [],
      "icon": "",
      "viewName": "Home",
      "url-template": "index.html?expId=1",
      "entryPoint": "index.html?expId=1",
      "thumbnail": "public/Uploaded/2023-02-23_06-27-42.jpg",
      "thingTemplateName": ""
    }
  ],
  "widgetsUsage": [
    {
      "timestamp": "2022-12-24T23:02:36.867Z",
      "action": "PUBLISH",
      "usage": {
        "twx-view": 1,
        "twx-dt-view": 1,
        "txw-treecoe": 1,
        "twx-dt-model": 1,
        "twx-tml-text": 1,
        "twx-overlay": 1,
        "twx-overlay-container": 5,
        "twx-overlay-body": 1,
        "twx-gridlayout": 1,
        "twx-row": 1,
        "twx-button": 2
      }
    },
    {
      "timestamp": "2022-12-24T23:06:12.719Z",
      "action": "PUBLISH",
      "usage": {
        "twx-view": 1,
        "twx-dt-view": 1,
        "txw-treecoe": 1,
        "twx-dt-model": 1,
        "twx-tml-text": 1,
        "twx-overlay": 1,
        "twx-overlay-container": 5,
        "twx-overlay-body": 1,
        "twx-gridlayout": 1,
        "twx-row": 1,
        "twx-button": 2
      }
    },
    {
      "timestamp": "2022-12-24T23:07:55.751Z",
      "action": "PUBLISH",
      "usage": {
        "twx-view": 1,
        "twx-dt-view": 1,
        "txw-treecoe": 1,
        "twx-dt-model": 1,
        "twx-tml-text": 1,
        "twx-overlay": 1,
        "twx-overlay-container": 5,
        "twx-overlay-body": 1,
        "twx-gridlayout": 1,
        "twx-row": 1,
        "twx-button": 2
      }
    },
    {
      "timestamp": "2022-12-24T23:18:19.315Z",
      "action": "PUBLISH",
      "usage": {
        "twx-view": 1,
        "twx-dt-view": 1,
        "txw-treecoe": 1,
        "twx-dt-model": 1,
        "twx-tml-text": 1,
        "twx-overlay": 1,
        "twx-overlay-container": 5,
        "twx-overlay-body": 1,
        "twx-gridlayout": 1,
        "twx-row": 1,
        "twx-button": 2
      }
    },
    {
      "timestamp": "2022-12-24T23:21:34.128Z",
      "action": "PUBLISH",
      "usage": {
        "twx-view": 1,
        "twx-dt-view": 1,
        "txw-treecoe": 1,
        "twx-dt-model": 1,
        "twx-tml-text": 1,
        "twx-dt-target-spatial": 1,
        "twx-overlay": 1,
        "twx-overlay-container": 5,
        "twx-overlay-body": 1,
        "twx-gridlayout": 1,
        "twx-row": 1,
        "twx-button": 2
      }
    },
    {
      "timestamp": "2022-12-26T16:22:22.328Z",
      "action": "PUBLISH",
      "usage": {
        "twx-view": 1,
        "twx-dt-view": 1,
        "txw-treecoe": 1,
        "twx-dt-model": 1,
        "twx-tml-text": 1,
        "twx-dt-target-spatial": 1,
        "twx-overlay": 1,
        "twx-overlay-container": 5,
        "twx-overlay-body": 1,
        "twx-gridlayout": 1,
        "twx-row": 1,
        "twx-button": 2
      }
    },
    {
      "timestamp": "2022-12-26T16:29:38.006Z",
      "action": "PUBLISH",
      "usage": {
        "twx-view": 1,
        "twx-dt-view": 1,
        "txw-treecoe": 1,
        "twx-dt-model": 1,
        "twx-tml-text": 1,
        "twx-dt-target-spatial": 1,
        "twx-overlay": 1,
        "twx-overlay-container": 5,
        "twx-overlay-body": 1,
        "twx-gridlayout": 1,
        "twx-row": 1,
        "twx-button": 2
      }
    },
    {
      "timestamp": "2022-12-28T15:15:30.094Z",
      "action": "PUBLISH",
      "usage": {
        "twx-view": 1,
        "twx-dt-view": 1,
        "txw-treecoe": 1,
        "twx-dt-model": 1,
        "twx-tml-text": 1,
        "twx-dt-target-spatial": 1,
        "twx-overlay": 1,
        "twx-overlay-container": 5,
        "twx-overlay-body": 1,
        "twx-popup": 1,
        "twx-gridlayout": 2,
        "twx-row": 2,
        "twx-col": 2,
        "twx-label": 2,
        "twx-button": 1
      }
    },
    {
      "timestamp": "2022-12-28T15:19:01.377Z",
      "action": "PUBLISH",
      "usage": {
        "twx-view": 1,
        "twx-dt-view": 1,
        "txw-treecoe": 1,
        "twx-dt-model": 1,
        "twx-tml-text": 1,
        "twx-dt-target-spatial": 1,
        "twx-overlay": 1,
        "twx-overlay-container": 5,
        "twx-overlay-body": 1,
        "twx-popup": 1,
        "twx-gridlayout": 2,
        "twx-row": 2,
        "twx-col": 2,
        "twx-label": 2,
        "twx-button": 1
      }
    },
    {
      "timestamp": "2022-12-28T15:24:18.908Z",
      "action": "PUBLISH",
      "usage": {
        "twx-view": 1,
        "twx-dt-view": 1,
        "txw-treecoe": 1,
        "twx-dt-model": 1,
        "twx-tml-text": 1,
        "twx-dt-target-spatial": 1,
        "twx-overlay": 1,
        "twx-overlay-container": 5,
        "twx-gridlayout": 3,
        "twx-row": 3,
        "twx-col": 5,
        "twx-button": 1,
        "twx-overlay-body": 1,
        "twx-popup": 1,
        "twx-label": 2
      }
    },
    {
      "timestamp": "2023-01-01T15:14:08.631Z",
      "action": "PUBLISH",
      "usage": {
        "twx-view": 1,
        "twx-dt-view": 1,
        "twx-dt-model": 1,
        "twx-tml-text": 1,
        "twx-dt-target-spatial": 1,
        "txw-treecoe": 1,
        "twx-mapper": 1,
        "twx-metagetta": 1,
        "twx-overlay": 1,
        "twx-overlay-container": 5,
        "twx-gridlayout": 3,
        "twx-row": 3,
        "twx-col": 5,
        "twx-button": 2,
        "twx-overlay-body": 1,
        "twx-finder": 1,
        "twx-popup": 1,
        "twx-label": 2,
        "twx-textarea": 1,
        "twx-list": 1
      }
    },
    {
      "timestamp": "2023-01-01T15:35:48.721Z",
      "action": "PUBLISH",
      "usage": {
        "twx-view": 1,
        "twx-dt-view": 1,
        "twx-dt-model": 1,
        "twx-tml-text": 1,
        "twx-dt-target-spatial": 1,
        "txw-treecoe": 1,
        "twx-mapper": 1,
        "twx-metagetta": 1,
        "twx-overlay": 1,
        "twx-overlay-container": 5,
        "twx-gridlayout": 3,
        "twx-row": 3,
        "twx-col": 5,
        "twx-button": 2,
        "twx-overlay-body": 1,
        "twx-popup": 1,
        "twx-label": 2,
        "twx-textarea": 2
      }
    },
    {
      "timestamp": "2023-01-03T17:57:18.977Z",
      "action": "PUBLISH",
      "usage": {
        "twx-view": 1,
        "twx-dt-view": 1,
        "twx-dt-model": 1,
        "twx-tml-text": 1,
        "twx-dt-target-spatial": 1,
        "txw-treecoe": 1,
        "twx-mapper": 1,
        "twx-metagetta": 1,
        "twx-overlay": 1,
        "twx-overlay-container": 5,
        "twx-gridlayout": 4,
        "twx-row": 8,
        "twx-col": 9,
        "twx-button": 2,
        "twx-overlay-body": 1,
        "twx-popup": 1,
        "twx-label": 4,
        "twx-textarea": 2
      }
    },
    {
      "timestamp": "2023-01-03T18:08:05.186Z",
      "action": "PUBLISH",
      "usage": {
        "twx-view": 1,
        "twx-dt-view": 1,
        "twx-dt-model": 1,
        "twx-tml-text": 1,
        "twx-dt-target-spatial": 1,
        "txw-treecoe": 1,
        "twx-mapper": 1,
        "twx-metagetta": 1,
        "twx-overlay": 1,
        "twx-overlay-container": 5,
        "twx-gridlayout": 4,
        "twx-row": 8,
        "twx-col": 9,
        "twx-button": 2,
        "twx-overlay-body": 1,
        "twx-popup": 1,
        "twx-label": 4,
        "twx-textarea": 2
      }
    },
    {
      "timestamp": "2023-02-01T12:53:48.818Z",
      "action": "PUBLISH",
      "usage": {
        "twx-view": 1,
        "twx-dt-view": 1,
        "twx-dt-model": 1,
        "twx-tml-text": 1,
        "twx-dt-target-spatial": 1,
        "txw-treecoe": 1,
        "twx-mapper": 1,
        "twx-metagetta": 1,
        "twx-overlay": 1,
        "twx-overlay-container": 5,
        "twx-gridlayout": 4,
        "twx-row": 8,
        "twx-col": 9,
        "twx-button": 1,
        "twx-overlay-body": 1,
        "twx-popup": 1,
        "twx-label": 4,
        "twx-textarea": 2
      }
    },
    {
      "timestamp": "2023-02-21T17:24:07.179Z",
      "action": "PUBLISH",
      "usage": {
        "twx-view": 1,
        "twx-dt-view": 1,
        "twx-dt-model": 1,
        "twx-tml-text": 1,
        "twx-dt-target-spatial": 1,
        "txw-treecoe": 1,
        "twx-metagetta": 1,
        "twx-mapper": 1,
        "twx-dt-label": 1,
        "twx-dt-3dleaderline": 1,
        "twx-overlay": 1,
        "twx-overlay-container": 5,
        "twx-gridlayout": 4,
        "twx-row": 16,
        "twx-col": 10,
        "twx-button": 4,
        "twx-overlay-body": 1,
        "twx-popup": 1,
        "twx-label": 3,
        "twx-textarea": 3
      }
    },
    {
      "timestamp": "2023-02-21T17:42:01.388Z",
      "action": "PUBLISH",
      "usage": {
        "twx-view": 1,
        "twx-dt-view": 1,
        "twx-dt-model": 1,
        "twx-tml-text": 1,
        "twx-dt-target-spatial": 1,
        "txw-treecoe": 1,
        "twx-metagetta": 1,
        "twx-mapper": 1,
        "twx-dt-label": 1,
        "twx-dt-3dleaderline": 1,
        "twx-overlay": 1,
        "twx-overlay-container": 5,
        "twx-gridlayout": 4,
        "twx-row": 16,
        "twx-col": 10,
        "twx-button": 4,
        "twx-overlay-body": 1,
        "twx-popup": 1,
        "twx-label": 3,
        "twx-textarea": 3
      }
    },
    {
      "timestamp": "2023-02-21T17:44:35.954Z",
      "action": "PUBLISH",
      "usage": {
        "twx-view": 1,
        "twx-dt-view": 1,
        "twx-dt-model": 1,
        "twx-tml-text": 1,
        "twx-dt-target-spatial": 1,
        "txw-treecoe": 1,
        "twx-metagetta": 1,
        "twx-mapper": 1,
        "twx-dt-label": 1,
        "twx-dt-3dleaderline": 1,
        "twx-overlay": 1,
        "twx-overlay-container": 5,
        "twx-gridlayout": 4,
        "twx-row": 16,
        "twx-col": 10,
        "twx-button": 4,
        "twx-overlay-body": 1,
        "twx-popup": 1,
        "twx-label": 3,
        "twx-textarea": 3
      }
    },
    {
      "timestamp": "2023-02-21T17:55:39.666Z",
      "action": "PUBLISH",
      "usage": {
        "twx-view": 1,
        "twx-dt-view": 1,
        "twx-dt-model": 1,
        "twx-tml-text": 1,
        "twx-dt-target-spatial": 1,
        "txw-treecoe": 1,
        "twx-metagetta": 1,
        "twx-mapper": 1,
        "twx-dt-label": 1,
        "twx-dt-3dleaderline": 1,
        "twx-overlay": 1,
        "twx-overlay-container": 5,
        "twx-gridlayout": 4,
        "twx-row": 16,
        "twx-col": 10,
        "twx-button": 4,
        "twx-overlay-body": 1,
        "twx-popup": 1,
        "twx-label": 3,
        "twx-textarea": 3
      }
    },
    {
      "timestamp": "2023-02-21T19:45:33.417Z",
      "action": "PUBLISH",
      "usage": {
        "twx-view": 1,
        "twx-dt-view": 1,
        "twx-dt-model": 1,
        "twx-tml-text": 1,
        "twx-dt-target-spatial": 1,
        "txw-treecoe": 1,
        "twx-metagetta": 1,
        "twx-mapper": 1,
        "twx-dt-label": 1,
        "twx-dt-3dleaderline": 1,
        "twx-overlay": 1,
        "twx-overlay-container": 5,
        "twx-gridlayout": 4,
        "twx-row": 16,
        "twx-col": 10,
        "twx-button": 4,
        "twx-overlay-body": 1,
        "twx-popup": 1,
        "twx-label": 3,
        "twx-textarea": 3
      }
    },
    {
      "timestamp": "2023-02-21T19:48:32.197Z",
      "action": "PUBLISH",
      "usage": {
        "twx-view": 1,
        "twx-dt-view": 1,
        "twx-dt-model": 1,
        "twx-tml-text": 1,
        "twx-dt-target-spatial": 1,
        "txw-treecoe": 1,
        "twx-metagetta": 1,
        "twx-mapper": 1,
        "twx-dt-label": 1,
        "twx-dt-3dleaderline": 1,
        "twx-overlay": 1,
        "twx-overlay-container": 5,
        "twx-gridlayout": 4,
        "twx-row": 16,
        "twx-col": 10,
        "twx-button": 4,
        "twx-overlay-body": 1,
        "twx-popup": 1,
        "twx-label": 3,
        "twx-textarea": 3
      }
    },
    {
      "timestamp": "2023-02-21T21:03:39.288Z",
      "action": "PUBLISH",
      "usage": {
        "twx-view": 1,
        "twx-dt-view": 1,
        "twx-dt-model": 1,
        "twx-tml-text": 1,
        "twx-dt-target-spatial": 1,
        "txw-treecoe": 1,
        "twx-metagetta": 1,
        "twx-mapper": 1,
        "twx-dt-label": 1,
        "twx-dt-3dleaderline": 1,
        "twx-overlay": 1,
        "twx-overlay-container": 5,
        "twx-gridlayout": 4,
        "twx-row": 16,
        "twx-col": 10,
        "twx-button": 4,
        "twx-overlay-body": 1,
        "twx-popup": 1,
        "twx-label": 2,
        "twx-textarea": 2
      }
    },
    {
      "timestamp": "2023-02-22T02:58:44.022Z",
      "action": "PUBLISH",
      "usage": {
        "twx-view": 1,
        "twx-dt-view": 1,
        "twx-dt-model": 1,
        "twx-tml-text": 1,
        "twx-dt-target-spatial": 1,
        "txw-treecoe": 1,
        "twx-metagetta": 1,
        "twx-mapper": 1,
        "twx-dt-label": 1,
        "twx-dt-3dleaderline": 1,
        "twx-overlay": 1,
        "twx-overlay-container": 5,
        "twx-gridlayout": 4,
        "twx-row": 16,
        "twx-col": 10,
        "twx-button": 4,
        "twx-overlay-body": 1,
        "twx-popup": 1,
        "twx-label": 2,
        "twx-textarea": 2
      }
    },
    {
      "timestamp": "2023-02-22T13:30:24.124Z",
      "action": "PUBLISH",
      "usage": {
        "twx-view": 1,
        "twx-dt-view": 1,
        "twx-dt-model": 1,
        "twx-tml-text": 1,
        "twx-dt-target-spatial": 1,
        "txw-treecoe": 1,
        "twx-metagetta": 1,
        "twx-mapper": 1,
        "twx-dt-label": 1,
        "twx-dt-3dleaderline": 1,
        "twx-overlay": 1,
        "twx-overlay-container": 5,
        "twx-gridlayout": 4,
        "twx-row": 16,
        "twx-col": 10,
        "twx-button": 4,
        "twx-overlay-body": 1,
        "twx-popup": 1,
        "twx-label": 2,
        "twx-textarea": 2
      }
    },
    {
      "timestamp": "2023-02-22T13:42:31.703Z",
      "action": "PUBLISH",
      "usage": {
        "twx-view": 1,
        "twx-dt-view": 1,
        "twx-dt-model": 1,
        "twx-tml-text": 1,
        "twx-dt-target-spatial": 1,
        "txw-treecoe": 1,
        "twx-metagetta": 1,
        "twx-mapper": 1,
        "twx-dt-label": 1,
        "twx-dt-3dleaderline": 1,
        "twx-overlay": 1,
        "twx-overlay-container": 5,
        "twx-gridlayout": 4,
        "twx-row": 16,
        "twx-col": 10,
        "twx-button": 4,
        "twx-overlay-body": 1,
        "twx-popup": 1,
        "twx-label": 2,
        "twx-textarea": 2
      }
    },
    {
      "timestamp": "2023-02-22T13:52:36.826Z",
      "action": "PUBLISH",
      "usage": {
        "twx-view": 1,
        "twx-dt-view": 1,
        "twx-dt-model": 1,
        "twx-tml-text": 1,
        "twx-dt-target-spatial": 1,
        "txw-treecoe": 1,
        "twx-metagetta": 1,
        "twx-mapper": 1,
        "twx-dt-label": 1,
        "twx-dt-3dleaderline": 1,
        "twx-overlay": 1,
        "twx-overlay-container": 5,
        "twx-gridlayout": 4,
        "twx-row": 16,
        "twx-col": 10,
        "twx-button": 4,
        "twx-overlay-body": 1,
        "twx-popup": 1,
        "twx-label": 2,
        "twx-textarea": 2
      }
    },
    {
      "timestamp": "2023-02-22T15:29:01.550Z",
      "action": "PUBLISH",
      "usage": {
        "twx-view": 1,
        "twx-dt-view": 1,
        "twx-dt-model": 1,
        "twx-tml-text": 1,
        "twx-dt-target-spatial": 1,
        "txw-treecoe": 1,
        "twx-metagetta": 1,
        "twx-mapper": 1,
        "twx-dt-label": 1,
        "twx-dt-3dleaderline": 1,
        "twx-overlay": 1,
        "twx-overlay-container": 5,
        "twx-gridlayout": 4,
        "twx-row": 16,
        "twx-col": 10,
        "twx-button": 4,
        "twx-overlay-body": 1,
        "twx-popup": 1,
        "twx-label": 2,
        "twx-textarea": 2
      }
    },
    {
      "timestamp": "2023-02-22T16:34:49.932Z",
      "action": "PUBLISH",
      "usage": {
        "twx-view": 1,
        "twx-dt-view": 1,
        "twx-dt-model": 1,
        "twx-tml-text": 1,
        "twx-dt-target-spatial": 1,
        "txw-treecoe": 1,
        "twx-metagetta": 1,
        "twx-mapper": 1,
        "twx-dt-label": 1,
        "twx-dt-3dleaderline": 1,
        "twx-overlay": 1,
        "twx-overlay-container": 5,
        "twx-gridlayout": 4,
        "twx-row": 16,
        "twx-col": 10,
        "twx-button": 4,
        "twx-overlay-body": 1,
        "twx-popup": 1,
        "twx-label": 2,
        "twx-textarea": 2
      }
    },
    {
      "timestamp": "2023-02-22T21:52:19.155Z",
      "action": "PUBLISH",
      "usage": {
        "twx-view": 1,
        "twx-dt-view": 1,
        "twx-dt-model": 1,
        "twx-tml-text": 1,
        "twx-dt-target-spatial": 1,
        "txw-treecoe": 1,
        "twx-metagetta": 1,
        "twx-mapper": 1,
        "twx-dt-label": 1,
        "twx-dt-3dleaderline": 1,
        "twx-overlay": 1,
        "twx-overlay-container": 5,
        "twx-gridlayout": 4,
        "twx-row": 16,
        "twx-col": 10,
        "twx-button": 4,
        "twx-overlay-body": 1,
        "twx-popup": 1,
        "twx-label": 2,
        "twx-textarea": 2
      }
    },
    {
      "timestamp": "2023-02-22T22:11:21.257Z",
      "action": "PUBLISH",
      "usage": {
        "twx-view": 1,
        "twx-dt-view": 1,
        "twx-dt-model": 1,
        "twx-tml-text": 1,
        "twx-dt-target-spatial": 1,
        "txw-treecoe": 1,
        "twx-metagetta": 1,
        "twx-mapper": 1,
        "twx-dt-label": 1,
        "twx-dt-3dleaderline": 1,
        "twx-overlay": 1,
        "twx-overlay-container": 5,
        "twx-gridlayout": 4,
        "twx-row": 16,
        "twx-col": 10,
        "twx-button": 4,
        "twx-overlay-body": 1,
        "twx-popup": 1,
        "twx-label": 2,
        "twx-textarea": 2
      }
    },
    {
      "timestamp": "2023-02-22T22:40:55.666Z",
      "action": "PUBLISH",
      "usage": {
        "twx-view": 1,
        "twx-dt-view": 1,
        "twx-dt-model": 1,
        "twx-tml-text": 1,
        "twx-dt-target-spatial": 1,
        "txw-treecoe": 1,
        "twx-metagetta": 1,
        "twx-mapper": 1,
        "twx-dt-label": 1,
        "twx-dt-3dleaderline": 1,
        "twx-overlay": 1,
        "twx-overlay-container": 5,
        "twx-gridlayout": 4,
        "twx-row": 16,
        "twx-col": 10,
        "twx-button": 4,
        "twx-overlay-body": 1,
        "twx-popup": 1,
        "twx-label": 2,
        "twx-textarea": 2
      }
    },
    {
      "timestamp": "2023-02-22T22:46:27.583Z",
      "action": "PUBLISH",
      "usage": {
        "twx-view": 1,
        "twx-dt-view": 1,
        "twx-dt-model": 1,
        "twx-tml-text": 1,
        "twx-dt-target-spatial": 1,
        "txw-treecoe": 1,
        "twx-metagetta": 1,
        "twx-mapper": 1,
        "twx-dt-label": 1,
        "twx-dt-3dleaderline": 1,
        "twx-overlay": 1,
        "twx-overlay-container": 5,
        "twx-gridlayout": 4,
        "twx-row": 16,
        "twx-col": 10,
        "twx-button": 4,
        "twx-overlay-body": 1,
        "twx-popup": 1,
        "twx-label": 2,
        "twx-textarea": 2
      }
    },
    {
      "timestamp": "2023-02-22T23:04:59.204Z",
      "action": "PUBLISH",
      "usage": {
        "twx-view": 1,
        "twx-dt-view": 1,
        "twx-dt-model": 1,
        "twx-tml-text": 1,
        "twx-dt-target-spatial": 1,
        "txw-treecoe": 1,
        "twx-metagetta": 1,
        "twx-mapper": 1,
        "twx-dt-label": 1,
        "twx-dt-3dleaderline": 1,
        "twx-overlay": 1,
        "twx-overlay-container": 5,
        "twx-gridlayout": 4,
        "twx-row": 16,
        "twx-col": 10,
        "twx-button": 4,
        "twx-overlay-body": 1,
        "twx-popup": 1,
        "twx-label": 2,
        "twx-textarea": 2
      }
    },
    {
      "timestamp": "2023-02-23T00:01:48.473Z",
      "action": "PUBLISH",
      "usage": {
        "twx-view": 1,
        "twx-dt-view": 1,
        "twx-dt-model": 1,
        "twx-tml-text": 1,
        "twx-dt-target-spatial": 1,
        "txw-treecoe": 1,
        "twx-metagetta": 1,
        "twx-mapper": 1,
        "twx-dt-label": 1,
        "twx-dt-3dleaderline": 1,
        "twx-overlay": 1,
        "twx-overlay-container": 5,
        "twx-gridlayout": 4,
        "twx-row": 16,
        "twx-col": 10,
        "twx-button": 4,
        "twx-overlay-body": 1,
        "twx-popup": 1,
        "twx-label": 2,
        "twx-textarea": 2
      }
    },
    {
      "timestamp": "2023-02-23T02:20:30.835Z",
      "action": "PUBLISH",
      "usage": {
        "twx-view": 1,
        "twx-dt-view": 1,
        "twx-dt-model": 1,
        "twx-tml-text": 1,
        "twx-dt-target-spatial": 1,
        "txw-treecoe": 1,
        "twx-metagetta": 1,
        "twx-mapper": 1,
        "twx-dt-label": 1,
        "twx-dt-3dleaderline": 1,
        "twx-overlay": 1,
        "twx-overlay-container": 5,
        "twx-gridlayout": 4,
        "twx-row": 16,
        "twx-col": 10,
        "twx-button": 4,
        "twx-overlay-body": 1,
        "twx-popup": 1,
        "twx-label": 2,
        "twx-textarea": 2
      }
    },
    {
      "timestamp": "2023-02-23T13:00:54.170Z",
      "action": "PUBLISH",
      "usage": {
        "twx-view": 1,
        "twx-dt-view": 1,
        "twx-dt-model": 1,
        "twx-tml-text": 1,
        "twx-dt-target-spatial": 1,
        "txw-treecoe": 1,
        "twx-metagetta": 1,
        "twx-mapper": 1,
        "twx-dt-label": 1,
        "twx-dt-3dleaderline": 1,
        "twx-overlay": 1,
        "twx-overlay-container": 5,
        "twx-gridlayout": 4,
        "twx-row": 16,
        "twx-col": 10,
        "twx-button": 4,
        "twx-overlay-body": 1,
        "twx-popup": 1,
        "twx-label": 2,
        "twx-textarea": 2
      }
    },
    {
      "timestamp": "2023-02-23T14:11:35.358Z",
      "action": "PUBLISH",
      "usage": {
        "twx-view": 1,
        "twx-dt-view": 1,
        "twx-dt-model": 1,
        "twx-tml-text": 1,
        "twx-dt-target-spatial": 1,
        "txw-treecoe": 1,
        "twx-metagetta": 1,
        "twx-mapper": 1,
        "twx-dt-label": 1,
        "twx-dt-3dleaderline": 1,
        "twx-overlay": 1,
        "twx-overlay-container": 5,
        "twx-gridlayout": 4,
        "twx-row": 16,
        "twx-col": 10,
        "twx-button": 4,
        "twx-overlay-body": 1,
        "twx-popup": 1,
        "twx-label": 2,
        "twx-textarea": 2
      }
    },
    {
      "timestamp": "2023-02-23T14:25:46.381Z",
      "action": "PUBLISH",
      "usage": {
        "twx-view": 1,
        "twx-dt-view": 1,
        "twx-dt-model": 1,
        "twx-tml-text": 1,
        "twx-dt-target-spatial": 1,
        "txw-treecoe": 1,
        "twx-metagetta": 1,
        "twx-mapper": 1,
        "twx-dt-label": 1,
        "twx-dt-3dleaderline": 1,
        "twx-overlay": 1,
        "twx-overlay-container": 5,
        "twx-gridlayout": 4,
        "twx-row": 16,
        "twx-col": 10,
        "twx-button": 4,
        "twx-overlay-body": 1,
        "twx-popup": 1,
        "twx-label": 2,
        "twx-textarea": 2
      }
    },
    {
      "timestamp": "2023-02-23T14:33:54.587Z",
      "action": "PUBLISH",
      "usage": {
        "twx-view": 1,
        "twx-dt-view": 1,
        "twx-dt-model": 1,
        "twx-tml-text": 1,
        "twx-dt-target-spatial": 1,
        "txw-treecoe": 1,
        "twx-metagetta": 1,
        "twx-mapper": 1,
        "twx-dt-label": 1,
        "twx-dt-3dleaderline": 1,
        "twx-overlay": 1,
        "twx-overlay-container": 5,
        "twx-gridlayout": 4,
        "twx-row": 16,
        "twx-col": 10,
        "twx-button": 4,
        "twx-overlay-body": 1,
        "twx-popup": 1,
        "twx-label": 2,
        "twx-textarea": 2
      }
    },
    {
      "timestamp": "2023-03-22T15:50:15.880Z",
      "action": "PUBLISH",
      "usage": {
        "twx-view": 1,
        "twx-dt-view": 1,
        "twx-dt-model": 1,
        "twx-tml-text": 1,
        "twx-dt-target-spatial": 1,
        "txw-treecoe": 1,
        "twx-metagetta": 1,
        "twx-mapper": 1,
        "twx-overlay": 1,
        "twx-overlay-container": 5,
        "twx-gridlayout": 4,
        "twx-row": 16,
        "twx-col": 10,
        "twx-button": 4,
        "twx-overlay-body": 1,
        "twx-popup": 1,
        "twx-label": 2,
        "twx-textarea": 2
      }
    },
    {
      "timestamp": "2023-06-06T18:40:54.883Z",
      "action": "PUBLISH",
      "usage": {
        "twx-view": 1,
        "twx-dt-view": 1,
        "twx-dt-model": 1,
        "twx-tml-text": 1,
        "twx-dt-target-spatial": 1,
        "txw-treecoe": 1,
        "twx-metagetta": 1,
        "twx-wayfinderpointscoe": 1,
        "twx-dt-wayfinder": 1,
        "twx-overlay": 1,
        "twx-overlay-container": 5,
        "twx-gridlayout": 4,
        "twx-row": 16,
        "twx-col": 10,
        "twx-button": 3,
        "twx-overlay-body": 1,
        "twx-popup": 1,
        "twx-label": 3,
        "twx-textarea": 3
      }
    },
    {
      "timestamp": "2023-06-06T18:54:52.087Z",
      "action": "PUBLISH",
      "usage": {
        "twx-view": 1,
        "twx-dt-view": 1,
        "twx-dt-model": 1,
        "twx-tml-text": 1,
        "twx-dt-target-spatial": 1,
        "txw-treecoe": 1,
        "twx-metagetta": 1,
        "twx-wayfinderpointscoe": 1,
        "twx-dt-wayfinder": 1,
        "twx-overlay": 1,
        "twx-overlay-container": 5,
        "twx-gridlayout": 4,
        "twx-row": 16,
        "twx-col": 11,
        "twx-button": 3,
        "twx-overlay-body": 1,
        "twx-popup": 1,
        "twx-label": 3,
        "twx-textarea": 3
      }
    },
    {
      "timestamp": "2023-06-06T20:26:26.826Z",
      "action": "PUBLISH",
      "usage": {
        "twx-view": 1,
        "twx-dt-view": 1,
        "twx-dt-model": 1,
        "twx-tml-text": 1,
        "twx-dt-target-spatial": 1,
        "txw-treecoe": 1,
        "twx-metagetta": 1,
        "twx-wayfinderpointscoe": 1,
        "twx-dt-wayfinder": 1,
        "twx-overlay": 1,
        "twx-overlay-container": 5,
        "twx-gridlayout": 4,
        "twx-row": 16,
        "twx-col": 11,
        "twx-button": 3,
        "twx-overlay-body": 1,
        "twx-popup": 1,
        "twx-label": 3,
        "twx-textarea": 3
      }
    },
    {
      "timestamp": "2024-10-01T21:01:40.384Z",
      "action": "PUBLISH",
      "usage": {
        "twx-view": 1,
        "twx-dt-view": 1,
        "twx-dt-model": 1,
        "twx-tml-text": 1,
        "twx-dt-target-spatial": 1,
        "twx-metagetta": 1,
        "twx-mapper": 3,
        "wdg-treecoe": 1,
        "wdg-wayfinderpointscoe": 1,
        "twx-dt-wayfinder": 1,
        "twx-overlay": 1,
        "twx-overlay-container": 5,
        "twx-gridlayout": 4,
        "twx-row": 16,
        "twx-col": 11,
        "twx-button": 3,
        "twx-overlay-body": 1,
        "twx-popup": 1,
        "twx-label": 3,
        "twx-textarea": 4
      }
    },
    {
      "timestamp": "2024-10-09T17:59:58.891Z",
      "action": "PUBLISH",
      "usage": {
        "twx-view": 1,
        "twx-dt-view": 1,
        "twx-dt-model": 1,
        "twx-tml-text": 1,
        "twx-dt-target-spatial": 1,
        "twx-metagetta": 1,
        "twx-mapper": 3,
        "wdg-treecoe": 1,
        "wdg-wayfinderpointscoe": 1,
        "twx-dt-wayfinder": 1,
        "twx-overlay": 1,
        "twx-overlay-container": 5,
        "twx-gridlayout": 4,
        "twx-row": 16,
        "twx-col": 11,
        "twx-button": 3,
        "twx-overlay-body": 1,
        "twx-popup": 1,
        "twx-label": 3,
        "twx-textarea": 4
      }
    },
    {
      "timestamp": "2024-10-09T18:06:42.380Z",
      "action": "PUBLISH",
      "usage": {
        "twx-view": 1,
        "twx-dt-view": 1,
        "twx-dt-model": 1,
        "twx-tml-text": 1,
        "twx-dt-target-spatial": 1,
        "twx-metagetta": 1,
        "twx-mapper": 3,
        "wdg-treecoe": 1,
        "wdg-wayfinderpointscoe": 1,
        "twx-dt-wayfinder": 1,
        "twx-overlay": 1,
        "twx-overlay-container": 5,
        "twx-gridlayout": 4,
        "twx-row": 16,
        "twx-col": 11,
        "twx-button": 3,
        "twx-overlay-body": 1,
        "twx-popup": 1,
        "twx-label": 3,
        "twx-textarea": 4
      }
    },
    {
      "timestamp": "2024-11-11T18:14:58.806Z",
      "action": "LATEST_SAVE",
      "usage": {
        "twx-view": 1,
        "twx-dt-view": 1,
        "twx-dt-model": 1,
        "twx-tml-text": 1,
        "twx-dt-target-spatial": 1,
        "twx-metagetta": 1,
        "twx-mapper": 3,
        "wdg-treecoe": 1,
        "twx-overlay": 1,
        "twx-overlay-container": 5,
        "twx-gridlayout": 4,
        "twx-row": 16,
        "twx-col": 11,
        "twx-button": 3,
        "twx-overlay-body": 1,
        "twx-popup": 1,
        "twx-label": 3,
        "twx-textarea": 4
      }
    }
  ],
  "accessType": "public",
  "designedfor": []
}
