{
  "attributes": {
    "namespace": "app.mdl"
  },
  "children": [
    {
      "attributes": {
        "name": "WCHelper",
        "twx-entity-type": "Things",
        "twx-entity-name": "WCHelper"
      },
      "name": "twx-model",
      "children": [
        {
          "attributes": {
            "name": "GetPartsByContextAndNameFilter",
            "id": "GetPartsByContextAndNameFilter",
            "twx-no-auto-select": ""
          },
          "name": "twx-model-service",
          "children": [
            {
              "attributes": {
                "databind-id": "db-1642685844066",
                "source-type": "ui",
                "source-label": "Text Input",
                "source-name": "textInput-1",
                "source-item-type": "property",
                "source-item-name": "text",
                "binding-type": "widget_property",
                "from-expression": "app.view['Home'].wdg['textInput-1']['text']",
                "to-property": "ProductContext"
              },
              "name": "twx-databind"
            },
            {
              "attributes": {
                "databind-id": "db-1642685856571",
                "source-type": "ui",
                "source-label": "Text Input",
                "source-name": "textInput-2",
                "source-item-type": "property",
                "source-item-name": "text",
                "binding-type": "widget_property",
                "from-expression": "app.view['Home'].wdg['textInput-2']['text']",
                "to-property": "NameFilter"
              },
              "name": "twx-databind"
            }
          ]
        },
        {
          "attributes": {
            "name": "GetDocuments",
            "id": "GetDocuments"
          },
          "name": "twx-model-service",
          "children": [
            {
              "attributes": {
                "databind-id": "db-1645799726844",
                "source-type": "data",
                "source-name": "WCHelper",
                "source-item-type": "service",
                "source-item-name": "GetPartsByContextAndNameFilter",
                "source-item-field-name": "ID",
                "binding-type": "current_row_field",
                "from-expression": "app.mdl['WCHelper'].svc['GetPartsByContextAndNameFilter'].data.current['ID']",
                "to-property": "PartID"
              },
              "name": "twx-databind"
            }
          ]
        },
        {
          "attributes": {
            "name": "GetStructure",
            "id": "GetStructure"
          },
          "name": "twx-model-service",
          "children": [
            {
              "attributes": {
                "databind-id": "db-1645810187612",
                "source-type": "data",
                "source-name": "WCHelper",
                "source-item-type": "service",
                "source-item-name": "GetPartsByContextAndNameFilter",
                "source-item-field-name": "ID",
                "binding-type": "current_row_field",
                "from-expression": "app.mdl['WCHelper'].svc['GetPartsByContextAndNameFilter'].data.current['ID']",
                "to-property": "PartID"
              },
              "name": "twx-databind"
            }
          ]
        },
        {
          "attributes": {
            "name": "GetExtendedMetadata",
            "id": "GetExtendedMetadata"
          },
          "name": "twx-model-service",
          "children": [
            {
              "attributes": {
                "name": "returnMetadataJSON",
                "value": "false"
              },
              "name": "twx-service-parameter-value"
            },
            {
              "attributes": {
                "databind-id": "db-1670534381485",
                "source-type": "data",
                "source-name": "CAD_Repo",
                "source-item-type": "service",
                "source-item-name": "UploadPVZfromDynamic",
                "source-item-field-name": "id",
                "binding-type": "current_row_field",
                "from-expression": "app.mdl['CAD_Repo'].svc['UploadPVZfromDynamic'].data.current['id']",
                "to-property": "fileGUID"
              },
              "name": "twx-databind"
            }
          ]
        },
        {
          "attributes": {
            "name": "GetStructureWithLevels",
            "id": "GetStructureWithLevels"
          },
          "name": "twx-model-service",
          "children": [
            {
              "attributes": {
                "databind-id": "db-1671717748714",
                "source-type": "data",
                "source-name": "WCHelper",
                "source-item-type": "service",
                "source-item-name": "GetPartsByContextAndNameFilter",
                "source-item-field-name": "ID",
                "binding-type": "current_row_field",
                "from-expression": "app.mdl['WCHelper'].svc['GetPartsByContextAndNameFilter'].data.current['ID']",
                "to-property": "PartID"
              },
              "name": "twx-databind"
            }
          ]
        },
        {
          "attributes": {
            "name": "GetDescription",
            "id": "GetDescription"
          },
          "name": "twx-model-service"
        },
        {
          "attributes": {
            "eventbind-id": "eb-1642702732511",
            "source-type": "service",
            "source-label": "ServiceInvokeComplete",
            "source-name": "WCHelper",
            "source-event": "GetPartsByContextAndNameFilter.serviceInvokeComplete",
            "handler-type": "ui",
            "handler-name": "popupParts",
            "handler-service": "showpopup",
            "handler-path": "app.view[\"Home\"].wdg[\"popupParts\"].svc.showpopup"
          },
          "name": "twx-eventbind"
        },
        {
          "attributes": {
            "eventbind-id": "eb-1645810309384",
            "source-type": "service",
            "source-label": "ServiceInvokeComplete",
            "source-name": "WCHelper",
            "source-event": "GetStructure.serviceInvokeComplete",
            "handler-type": "ui",
            "handler-name": "popupStructure",
            "handler-service": "showpopup",
            "handler-path": "app.view[\"Home\"].wdg[\"popupStructure\"].svc.showpopup"
          },
          "name": "twx-eventbind"
        }
      ]
    },
    {
      "attributes": {
        "name": "CAD_Repo",
        "twx-entity-type": "Things",
        "twx-entity-name": "CAD_Repo"
      },
      "name": "twx-model",
      "children": [
        {
          "attributes": {
            "name": "UploadPVZfromDynamic",
            "id": "UploadPVZfromDynamic"
          },
          "name": "twx-model-service",
          "children": [
            {
              "attributes": {
                "databind-id": "db-1670519953622",
                "source-type": "data",
                "source-name": "WCHelper",
                "source-item-type": "service",
                "source-item-name": "GetPartsByContextAndNameFilter",
                "source-item-field-name": "ID",
                "binding-type": "current_row_field",
                "from-expression": "app.mdl['WCHelper'].svc['GetPartsByContextAndNameFilter'].data.current['ID']",
                "to-property": "PartID"
              },
              "name": "twx-databind"
            }
          ]
        },
        {
          "attributes": {
            "name": "saveJsonMetaData",
            "id": "saveJsonMetaData"
          },
          "name": "twx-model-service",
          "children": [
            {
              "attributes": {
                "databind-id": "db-1670546755962",
                "source-type": "data",
                "source-name": "CAD_Repo",
                "source-item-type": "service",
                "source-item-name": "UploadPVZfromDynamic",
                "source-item-field-name": "id",
                "binding-type": "current_row_field",
                "from-expression": "app.mdl['CAD_Repo'].svc['UploadPVZfromDynamic'].data.current['id']",
                "to-property": "pvzId"
              },
              "name": "twx-databind"
            }
          ]
        },
        {
          "attributes": {
            "eventbind-id": "eb-1670546732274",
            "source-type": "service",
            "source-label": "ServiceInvokeComplete",
            "source-name": "CAD_Repo",
            "source-event": "UploadPVZfromDynamic.serviceInvokeComplete",
            "handler-type": "data",
            "handler-name": "CAD_Repo",
            "handler-service": "saveJsonMetaData",
            "handler-path": "app.mdl.CAD_Repo.svc.saveJsonMetaData"
          },
          "name": "twx-eventbind",
          "children": [
            {
              "attributes": {
                "name": "pvzId"
              },
              "name": "twx-event-data"
            }
          ]
        },
        {
          "attributes": {
            "eventbind-id": "eb-1671717888045",
            "source-type": "service",
            "source-label": "ServiceInvokeComplete",
            "source-name": "CAD_Repo",
            "source-event": "UploadPVZfromDynamic.serviceInvokeComplete",
            "handler-type": "data",
            "handler-name": "WCHelper",
            "handler-service": "GetStructureWithLevels",
            "handler-path": "app.mdl.WCHelper.svc.GetStructureWithLevels"
          },
          "name": "twx-eventbind",
          "children": [
            {
              "attributes": {
                "name": "PartID"
              },
              "name": "twx-event-data"
            }
          ]
        }
      ]
    },
    {
      "attributes": {
        "id": "vumark",
        "isbound": "false",
        "isdeletable": "false",
        "name": "ThingMark",
        "value": ""
      },
      "name": "twx-app-param"
    },
    {
      "attributes": {
        "id": "template",
        "isbound": "false",
        "isdeletable": "false",
        "name": "Thing Template",
        "value": ""
      },
      "name": "twx-app-param"
    },
    {
      "attributes": {
        "id": "thing",
        "isbound": "false",
        "isdeletable": "false",
        "name": "Thing",
        "value": ""
      },
      "name": "twx-app-param"
    },
    {
      "attributes": {
        "id": "DUMMYURL",
        "isbound": "false",
        "isdeletable": "true",
        "name": "DUMMYURL",
        "value": "/Thingworx/FileRepositories/CAD_Repo/PVZFolder/a44afc84-8515-49f7-abff-d771ae7926d4.pvz"
      },
      "name": "twx-app-param"
    },
    {
      "attributes": {
        "id": "CURRENT_PATHID",
        "isbound": "false",
        "isdeletable": "true",
        "name": "CURRENT_PATHID",
        "value": "NOT_SET"
      },
      "name": "twx-app-param"
    },
    {
      "attributes": {
        "id": "CURRENT_STRUCTURE_PVTreeId",
        "isbound": "false",
        "isdeletable": "true",
        "name": "CURRENT_STRUCTURE_PVTreeId",
        "value": "NOT_SET"
      },
      "name": "twx-app-param"
    },
    {
      "attributes": {
        "id": "MESSAGE",
        "isbound": "false",
        "isdeletable": "true",
        "name": "MESSAGE",
        "value": "..."
      },
      "name": "twx-app-param"
    },
    {
      "attributes": {
        "id": "CURRENT_BOUNDING_BOX",
        "isbound": "false",
        "isdeletable": "true",
        "name": "CURRENT_BOUNDING_BOX",
        "value": "NOT_SET"
      },
      "name": "twx-app-param"
    },
    {
      "attributes": {
        "id": "CURRENT_DOCUMENT_URL",
        "isbound": "false",
        "isdeletable": "true",
        "name": "CURRENT_DOCUMENT_URL",
        "value": "NOT_SET"
      },
      "name": "twx-app-param"
    },
    {
      "attributes": {
        "id": "CURRENT_MESSAGE",
        "isbound": "false",
        "isdeletable": "true",
        "name": "CURRENT_MESSAGE",
        "value": ""
      },
      "name": "twx-app-param"
    },
    {
      "attributes": {
        "id": "CURRENT_WVS_BOUNDING_BOX",
        "isbound": "false",
        "isdeletable": "true",
        "name": "CURRENT_WVS_BOUNDING_BOX",
        "value": ""
      },
      "name": "twx-app-param"
    },
    {
      "attributes": {
        "id": "CURRENT_WVS_URL",
        "isbound": "false",
        "isdeletable": "true",
        "name": "CURRENT_WVS_URL",
        "value": "NOT SET"
      },
      "name": "twx-app-param"
    },
    {
      "attributes": {
        "id": "CURRENT_INFO_MESSAGE",
        "isbound": "false",
        "isdeletable": "true",
        "name": "CURRENT_INFO_MESSAGE",
        "value": ""
      },
      "name": "twx-app-param"
    },
    {
      "attributes": {
        "id": "CURRENT_ACTION",
        "isbound": "false",
        "isdeletable": "true",
        "name": "CURRENT_ACTION",
        "value": ""
      },
      "name": "twx-app-param"
    },
    {
      "attributes": {
        "id": "PVZGUID",
        "isbound": "false",
        "isdeletable": "true",
        "name": "PVZGUID",
        "value": ""
      },
      "name": "twx-app-param",
      "children": [
        {
          "attributes": {
            "databind-id": "db-1670536532781",
            "source-type": "data",
            "source-name": "CAD_Repo",
            "source-item-type": "service",
            "source-item-name": "UploadPVZfromDynamic",
            "source-item-field-name": "id",
            "binding-type": "current_row_field",
            "from-expression": "app.mdl['CAD_Repo'].svc['UploadPVZfromDynamic'].data.current['id']",
            "to-property": "app.params['PVZGUID']"
          },
          "name": "twx-databind"
        }
      ]
    },
    {
      "attributes": {
        "id": "CURRENT_PART_NAME",
        "isbound": "false",
        "isdeletable": "true",
        "name": "CURRENT_PART_NAME",
        "value": ""
      },
      "name": "twx-app-param",
      "children": [
        {
          "attributes": {
            "databind-id": "db-1670618486477",
            "source-type": "data",
            "source-name": "WCHelper",
            "source-item-type": "service",
            "source-item-name": "GetPartsByContextAndNameFilter",
            "source-item-field-name": "Name",
            "binding-type": "current_row_field",
            "from-expression": "app.mdl['WCHelper'].svc['GetPartsByContextAndNameFilter'].data.current['Name']",
            "to-property": "app.params['CURRENT_PART_NAME']"
          },
          "name": "twx-databind"
        }
      ]
    }
  ],
  "name": "twx-app-mdl"
}
