{
  "name": "",
  "version": "1.0.0",
  "requires": [
    "w320dp",
    "spatial-tracking"
  ],
  "experiences": [
    {
      "vumark": "",
      "experienceType": "none",
      "id": 1,
      "index-keys": [],
      "title": {
        "en": "VSP_WindchillRESTConnect-17x"
      },
      "description": {
        "en": "",
        "en-US": ""
      },
      "requires": [
        "AR-tracking"
      ],
      "tags": [],
      "icon": "",
      "viewName": "Home",
      "url-template": "index.html?expId=1",
      "entryPoint": "index.html?expId=1",
      "thumbnail": "",
      "thingTemplateName": ""
    }
  ],
  "widgetsUsage": [
    {
      "timestamp": "2021-12-31T18:46:47.356Z",
      "action": "PUBLISH",
      "usage": {
        "twx-view": 1,
        "twx-dt-view": 1,
        "twx-dt-model": 2,
        "twx-dt-target-spatial": 1,
        "twx-overlay": 1,
        "twx-overlay-container": 5,
        "twx-gridlayout": 3,
        "twx-row": 8,
        "twx-col": 14,
        "twx-button": 2,
        "twx-text-input": 1,
        "twx-overlay-body": 1,
        "twx-popup": 1,
        "twx-data-grid": 1,
        "twx-data-grid-col": 3,
        "twx-label": 9
      }
    },
    {
      "timestamp": "2021-12-31T19:00:29.863Z",
      "action": "PUBLISH",
      "usage": {
        "twx-view": 1,
        "twx-dt-view": 1,
        "twx-dt-model": 2,
        "twx-dt-target-spatial": 1,
        "twx-overlay": 1,
        "twx-overlay-container": 5,
        "twx-gridlayout": 3,
        "twx-row": 8,
        "twx-col": 14,
        "twx-button": 2,
        "twx-text-input": 1,
        "twx-overlay-body": 1,
        "twx-popup": 1,
        "twx-data-grid": 1,
        "twx-data-grid-col": 3,
        "twx-label": 9
      }
    },
    {
      "timestamp": "2022-01-14T13:58:24.952Z",
      "action": "PUBLISH",
      "usage": {
        "twx-view": 1,
        "twx-dt-view": 1,
        "twx-dt-model": 2,
        "twx-dt-target-spatial": 1,
        "twx-overlay": 1,
        "twx-overlay-container": 5,
        "twx-gridlayout": 3,
        "twx-row": 8,
        "twx-col": 14,
        "twx-button": 2,
        "twx-text-input": 1,
        "twx-overlay-body": 1,
        "twx-popup": 1,
        "twx-data-grid": 1,
        "twx-data-grid-col": 1,
        "twx-label": 6,
        "twx-textarea": 1
      }
    },
    {
      "timestamp": "2022-01-17T21:05:57.649Z",
      "action": "PUBLISH",
      "usage": {
        "twx-view": 1,
        "twx-dt-view": 1,
        "twx-dt-model": 2,
        "twx-dt-target-spatial": 1,
        "twx-overlay": 1,
        "twx-overlay-container": 5,
        "twx-gridlayout": 4,
        "twx-row": 26,
        "twx-col": 31,
        "twx-button": 6,
        "twx-text-input": 1,
        "twx-overlay-body": 1,
        "twx-popup": 3,
        "twx-data-grid": 2,
        "twx-data-grid-col": 4,
        "twx-label": 14,
        "twx-image2": 1,
        "twx-textarea": 1
      }
    },
    {
      "timestamp": "2022-01-21T22:45:38.709Z",
      "action": "PUBLISH",
      "usage": {
        "twx-view": 1,
        "twx-dt-view": 1,
        "twx-dt-model": 2,
        "twx-dt-target-spatial": 1,
        "twx-tml-text": 1,
        "twx-overlay": 1,
        "twx-overlay-container": 5,
        "twx-gridlayout": 4,
        "twx-row": 28,
        "twx-col": 35,
        "twx-button": 6,
        "twx-label": 20,
        "twx-text-input": 2,
        "twx-overlay-body": 1,
        "twx-popup": 3,
        "twx-data-grid": 3,
        "twx-data-grid-col": 8,
        "twx-image2": 1,
        "twx-textarea": 1
      }
    },
    {
      "timestamp": "2022-01-22T21:10:07.336Z",
      "action": "PUBLISH",
      "usage": {
        "twx-view": 1,
        "twx-dt-view": 1,
        "twx-dt-model": 2,
        "twx-dt-target-spatial": 1,
        "twx-tml-text": 1,
        "twx-overlay": 1,
        "twx-overlay-container": 5,
        "twx-gridlayout": 5,
        "twx-row": 31,
        "twx-col": 39,
        "twx-button": 7,
        "twx-label": 21,
        "twx-text-input": 2,
        "twx-overlay-body": 1,
        "twx-popup": 4,
        "twx-data-grid": 3,
        "twx-data-grid-col": 7,
        "twx-image2": 1,
        "twx-textarea": 1
      }
    },
    {
      "timestamp": "2022-01-24T17:44:35.927Z",
      "action": "PUBLISH",
      "usage": {
        "twx-view": 1,
        "twx-dt-view": 1,
        "twx-dt-model": 1,
        "twx-dt-target-spatial": 1,
        "twx-tml-text": 1,
        "twx-overlay": 1,
        "twx-overlay-container": 5,
        "twx-gridlayout": 5,
        "twx-row": 31,
        "twx-col": 38,
        "twx-button": 8,
        "twx-label": 20,
        "twx-text-input": 2,
        "twx-overlay-body": 1,
        "twx-popup": 4,
        "twx-data-grid": 3,
        "twx-data-grid-col": 7,
        "twx-image2": 1,
        "twx-textarea": 1
      }
    },
    {
      "timestamp": "2022-01-25T14:44:33.640Z",
      "action": "PUBLISH",
      "usage": {
        "twx-view": 1,
        "twx-dt-view": 1,
        "twx-dt-model": 1,
        "twx-dt-target-spatial": 1,
        "twx-tml-text": 1,
        "twx-overlay": 1,
        "twx-overlay-container": 5,
        "twx-gridlayout": 5,
        "twx-row": 31,
        "twx-col": 38,
        "twx-button": 8,
        "twx-label": 20,
        "twx-text-input": 2,
        "twx-overlay-body": 1,
        "twx-popup": 4,
        "twx-data-grid": 3,
        "twx-data-grid-col": 7,
        "twx-image2": 1,
        "twx-textarea": 1
      }
    },
    {
      "timestamp": "2022-01-26T22:12:31.522Z",
      "action": "PUBLISH",
      "usage": {
        "twx-view": 1,
        "twx-dt-view": 1,
        "twx-dt-model": 1,
        "twx-dt-target-spatial": 1,
        "twx-tml-text": 1,
        "twx-overlay": 1,
        "twx-overlay-container": 5,
        "twx-gridlayout": 6,
        "twx-row": 43,
        "twx-col": 40,
        "twx-button": 11,
        "twx-label": 24,
        "twx-text-input": 3,
        "twx-overlay-body": 1,
        "twx-popup": 5,
        "twx-textarea": 1,
        "twx-data-grid": 4,
        "twx-data-grid-col": 10,
        "twx-image2": 2,
        "pdf": 1
      }
    },
    {
      "timestamp": "2022-01-28T19:25:10.829Z",
      "action": "PUBLISH",
      "usage": {
        "twx-view": 1,
        "twx-dt-view": 1,
        "twx-dt-model": 1,
        "twx-dt-target-spatial": 1,
        "twx-tml-text": 1,
        "twx-overlay": 1,
        "twx-overlay-container": 5,
        "twx-gridlayout": 6,
        "twx-row": 43,
        "twx-col": 40,
        "twx-button": 11,
        "twx-label": 24,
        "twx-text-input": 3,
        "twx-overlay-body": 1,
        "twx-popup": 5,
        "twx-textarea": 1,
        "twx-data-grid": 4,
        "twx-data-grid-col": 10,
        "twx-image2": 2,
        "pdf": 1
      }
    },
    {
      "timestamp": "2022-06-23T21:47:37.418Z",
      "action": "PUBLISH",
      "usage": {
        "twx-view": 1,
        "twx-dt-view": 1,
        "twx-dt-model": 6,
        "twx-dt-target-spatial": 1,
        "twx-tml-text": 1,
        "twx-overlay": 1,
        "twx-overlay-container": 5,
        "twx-gridlayout": 11,
        "twx-row": 111,
        "twx-col": 104,
        "twx-button": 18,
        "twx-label": 47,
        "twx-text-input": 7,
        "twx-overlay-body": 1,
        "twx-popup": 9,
        "twx-spinner": 1,
        "twx-checkbox": 3,
        "twx-data-grid": 3,
        "twx-data-grid-col": 7,
        "twx-image2": 2,
        "twx-select": 1,
        "twx-textarea": 3,
        "pdf": 1,
        "twx-tabs": 1,
        "twx-tab": 2
      }
    },
    {
      "timestamp": "2022-12-09T20:58:25.251Z",
      "action": "PUBLISH",
      "usage": {
        "twx-view": 1,
        "twx-dt-view": 1,
        "twx-dt-model": 3,
        "twx-dt-target-spatial": 1,
        "twx-tml-text": 1,
        "twx-overlay": 1,
        "twx-overlay-container": 5,
        "twx-gridlayout": 8,
        "twx-row": 45,
        "twx-col": 43,
        "twx-button": 10,
        "twx-label": 14,
        "twx-text-input": 3,
        "twx-overlay-body": 1,
        "twx-popup": 6,
        "twx-spinner": 1,
        "pdf": 2,
        "twx-data-grid": 3,
        "twx-data-grid-col": 7,
        "twx-image2": 2,
        "twx-textarea": 1
      }
    },
    {
      "timestamp": "2022-12-09T21:04:32.580Z",
      "action": "PUBLISH",
      "usage": {
        "twx-view": 1,
        "twx-dt-view": 1,
        "twx-dt-model": 3,
        "twx-dt-target-spatial": 1,
        "twx-tml-text": 1,
        "twx-overlay": 1,
        "twx-overlay-container": 5,
        "twx-gridlayout": 8,
        "twx-row": 45,
        "twx-col": 43,
        "twx-button": 10,
        "twx-label": 14,
        "twx-text-input": 3,
        "twx-overlay-body": 1,
        "twx-popup": 6,
        "twx-spinner": 1,
        "pdf": 2,
        "twx-data-grid": 3,
        "twx-data-grid-col": 7,
        "twx-image2": 2,
        "twx-textarea": 1
      }
    },
    {
      "timestamp": "2022-12-09T21:08:59.693Z",
      "action": "PUBLISH",
      "usage": {
        "twx-view": 1,
        "twx-dt-view": 1,
        "twx-dt-model": 3,
        "twx-dt-target-spatial": 1,
        "twx-tml-text": 1,
        "twx-overlay": 1,
        "twx-overlay-container": 5,
        "twx-gridlayout": 8,
        "twx-row": 45,
        "twx-col": 43,
        "twx-button": 10,
        "twx-label": 14,
        "twx-text-input": 3,
        "twx-overlay-body": 1,
        "twx-popup": 6,
        "twx-spinner": 1,
        "pdf": 2,
        "twx-data-grid": 3,
        "twx-data-grid-col": 7,
        "twx-image2": 2,
        "twx-textarea": 1
      }
    },
    {
      "timestamp": "2022-12-22T16:00:33.794Z",
      "action": "PUBLISH",
      "usage": {
        "twx-view": 1,
        "twx-dt-view": 1,
        "twx-dt-model": 3,
        "twx-dt-target-spatial": 1,
        "twx-tml-text": 1,
        "txw-treecoe": 1,
        "twx-overlay": 1,
        "twx-overlay-container": 5,
        "twx-gridlayout": 9,
        "twx-row": 46,
        "twx-col": 46,
        "twx-button": 11,
        "twx-label": 14,
        "twx-text-input": 3,
        "twx-overlay-body": 1,
        "twx-popup": 6,
        "twx-spinner": 1,
        "pdf": 2,
        "twx-data-grid": 3,
        "twx-data-grid-col": 7,
        "twx-image2": 2,
        "twx-textarea": 1
      }
    },
    {
      "timestamp": "2022-12-22T16:12:38.576Z",
      "action": "PUBLISH",
      "usage": {
        "twx-view": 1,
        "twx-dt-view": 1,
        "twx-dt-model": 3,
        "twx-dt-target-spatial": 1,
        "twx-tml-text": 1,
        "txw-treecoe": 1,
        "twx-overlay": 1,
        "twx-overlay-container": 5,
        "twx-gridlayout": 9,
        "twx-row": 46,
        "twx-col": 46,
        "twx-button": 11,
        "twx-label": 14,
        "twx-text-input": 3,
        "twx-overlay-body": 1,
        "twx-popup": 6,
        "twx-spinner": 1,
        "pdf": 2,
        "twx-data-grid": 3,
        "twx-data-grid-col": 7,
        "twx-image2": 2,
        "twx-textarea": 1
      }
    },
    {
      "timestamp": "2023-01-13T17:21:55.670Z",
      "action": "PUBLISH",
      "usage": {
        "twx-view": 1,
        "twx-dt-view": 1,
        "twx-dt-model": 3,
        "twx-dt-target-spatial": 1,
        "twx-tml-text": 1,
        "txw-treecoe": 1,
        "twx-metagetta": 1,
        "twx-mapper": 1,
        "twx-overlay": 1,
        "twx-overlay-container": 5,
        "twx-gridlayout": 9,
        "twx-row": 47,
        "twx-col": 49,
        "twx-button": 11,
        "twx-label": 16,
        "twx-text-input": 3,
        "twx-overlay-body": 1,
        "twx-popup": 6,
        "twx-spinner": 1,
        "pdf": 2,
        "twx-data-grid": 3,
        "twx-data-grid-col": 7,
        "twx-image2": 2,
        "twx-textarea": 2
      }
    },
    {
      "timestamp": "2023-01-13T20:12:25.410Z",
      "action": "PUBLISH",
      "usage": {
        "twx-view": 1,
        "twx-dt-view": 1,
        "twx-dt-model": 3,
        "twx-dt-target-spatial": 1,
        "twx-tml-text": 1,
        "txw-treecoe": 1,
        "twx-metagetta": 1,
        "twx-mapper": 1,
        "twx-overlay": 1,
        "twx-overlay-container": 5,
        "twx-gridlayout": 9,
        "twx-row": 47,
        "twx-col": 49,
        "twx-button": 11,
        "twx-label": 16,
        "twx-text-input": 3,
        "twx-overlay-body": 1,
        "twx-popup": 6,
        "twx-spinner": 1,
        "pdf": 2,
        "twx-data-grid": 3,
        "twx-data-grid-col": 7,
        "twx-image2": 2,
        "twx-textarea": 2
      }
    },
    {
      "timestamp": "2023-01-13T20:13:28.623Z",
      "action": "PUBLISH",
      "usage": {
        "twx-view": 1,
        "twx-dt-view": 1,
        "twx-dt-model": 3,
        "twx-dt-target-spatial": 1,
        "twx-tml-text": 1,
        "txw-treecoe": 1,
        "twx-metagetta": 1,
        "twx-mapper": 1,
        "twx-overlay": 1,
        "twx-overlay-container": 5,
        "twx-gridlayout": 9,
        "twx-row": 47,
        "twx-col": 49,
        "twx-button": 11,
        "twx-label": 16,
        "twx-text-input": 3,
        "twx-overlay-body": 1,
        "twx-popup": 6,
        "twx-spinner": 1,
        "pdf": 2,
        "twx-data-grid": 3,
        "twx-data-grid-col": 7,
        "twx-image2": 2,
        "twx-textarea": 2
      }
    },
    {
      "timestamp": "2023-01-13T20:17:18.372Z",
      "action": "PUBLISH",
      "usage": {
        "twx-view": 1,
        "twx-dt-view": 1,
        "twx-dt-model": 3,
        "twx-dt-target-spatial": 1,
        "twx-tml-text": 1,
        "txw-treecoe": 1,
        "twx-metagetta": 1,
        "twx-mapper": 1,
        "twx-overlay": 1,
        "twx-overlay-container": 5,
        "twx-gridlayout": 9,
        "twx-row": 47,
        "twx-col": 49,
        "twx-button": 11,
        "twx-label": 16,
        "twx-text-input": 3,
        "twx-overlay-body": 1,
        "twx-popup": 6,
        "twx-spinner": 1,
        "pdf": 2,
        "twx-data-grid": 3,
        "twx-data-grid-col": 7,
        "twx-image2": 2,
        "twx-textarea": 2
      }
    },
    {
      "timestamp": "2023-01-30T18:10:07.355Z",
      "action": "PUBLISH",
      "usage": {
        "twx-view": 1,
        "twx-dt-view": 1,
        "twx-dt-model": 3,
        "twx-dt-target-spatial": 1,
        "twx-tml-text": 1,
        "txw-treecoe": 1,
        "twx-metagetta": 1,
        "twx-mapper": 1,
        "twx-overlay": 1,
        "twx-overlay-container": 5,
        "twx-gridlayout": 9,
        "twx-row": 47,
        "twx-col": 49,
        "twx-button": 11,
        "twx-label": 16,
        "twx-text-input": 3,
        "twx-overlay-body": 1,
        "twx-popup": 6,
        "twx-spinner": 1,
        "pdf": 2,
        "twx-data-grid": 3,
        "twx-data-grid-col": 7,
        "twx-image2": 2,
        "twx-textarea": 2
      }
    },
    {
      "timestamp": "2023-02-01T15:10:03.512Z",
      "action": "LATEST_SAVE",
      "usage": {
        "twx-view": 1,
        "twx-dt-view": 1,
        "twx-dt-model": 3,
        "twx-dt-target-spatial": 1,
        "twx-tml-text": 1,
        "txw-treecoe": 1,
        "twx-metagetta": 1,
        "twx-mapper": 1,
        "twx-overlay": 1,
        "twx-overlay-container": 5,
        "twx-gridlayout": 9,
        "twx-row": 47,
        "twx-col": 49,
        "twx-button": 11,
        "twx-label": 16,
        "twx-text-input": 3,
        "twx-overlay-body": 1,
        "twx-popup": 6,
        "twx-spinner": 1,
        "pdf": 2,
        "twx-data-grid": 3,
        "twx-data-grid-col": 7,
        "twx-image2": 2,
        "twx-textarea": 3
      }
    }
  ],
  "accessType": "private",
  "designedfor": []
}
